epoch,time,train/box_loss,train/seg_loss,train/cls_loss,train/dfl_loss,train/sem_loss,metrics/precision(B),metrics/recall(B),metrics/mAP50(B),metrics/mAP50-95(B),metrics/precision(M),metrics/recall(M),metrics/mAP50(M),metrics/mAP50-95(M),val/box_loss,val/seg_loss,val/cls_loss,val/dfl_loss,val/sem_loss,lr/pg0,lr/pg1,lr/pg2
1,114.471,2.60899,4.03553,3.5405,1.84221,0,6e-05,0.03297,0,0,4e-05,0.02198,0,0,2.66561,nan,nan,15.8437,0,0.000662005,0.000662005,0.000662005
2,238.323,2.63001,3.87804,2.74026,1.87016,0,0.17031,0.07692,0.03914,0.00888,0.14059,0.07692,0.02532,0.00634,1.89812,2.72387,10.6767,1.36736,0,0.00132835,0.00132835,0.00132835
3,361.209,2.56981,3.87705,2.64846,1.83747,0,0.16856,0.13187,0.08498,0.02987,0.11316,0.0989,0.05004,0.01428,1.86388,2.98744,18.4658,1.48724,0,0.00199339,0.00199339,0.00199339
4,484.981,2.55713,3.86951,2.55685,1.80907,0,0.40813,0.23077,0.16931,0.04558,0.40813,0.23077,0.15429,0.04047,1.71764,2.64869,8.24865,1.32062,0,0.00199561,0.00199561,0.00199561
5,614.336,2.4641,3.70841,2.40658,1.7791,0,0.16611,0.20879,0.09593,0.02425,0.20792,0.1978,0.09372,0.02323,1.87428,2.61286,8.40656,1.38234,0,0.00199219,0.00199219,0.00199219
6,736.038,2.38171,3.61728,2.29973,1.73971,0,0.16922,0.27473,0.17422,0.04753,0.16319,0.27473,0.15458,0.04619,1.65096,2.5087,8.39343,1.26029,0,0.00198781,0.00198781,0.00198781
7,855.857,2.31089,3.58247,2.18565,1.68862,0,0.36671,0.34066,0.2886,0.08994,0.34714,0.32967,0.28606,0.096,1.57329,2.35254,8.02668,1.23715,0,0.00198246,0.00198246,0.00198246
8,977.716,2.31253,3.50558,2.17458,1.68369,0,0.40348,0.23077,0.20003,0.0715,0.46258,0.23653,0.21545,0.06501,1.6761,2.47367,4.35991,1.27995,0,0.00197616,0.00197616,0.00197616
9,1098.55,2.2698,3.51739,2.15929,1.66888,0,0.403,0.34066,0.30356,0.10044,0.42709,0.3195,0.28618,0.09392,1.61626,2.39396,2.73273,1.22798,0,0.0019689,0.0019689,0.0019689
10,1222.9,2.18039,3.44407,2.03422,1.62704,0,0.37289,0.30061,0.26895,0.09229,0.35353,0.2967,0.25339,0.07903,1.54964,2.36664,2.84965,1.16056,0,0.00196069,0.00196069,0.00196069
11,1344.06,2.17393,3.38687,1.99872,1.62349,0,0.50181,0.2967,0.29824,0.09034,0.48671,0.28571,0.27526,0.08121,1.58218,2.47856,16.8112,1.24607,0,0.00195155,0.00195155,0.00195155
12,1464.39,2.16675,3.33125,1.99338,1.62632,0,0.46128,0.25408,0.30457,0.09442,0.4626,0.24176,0.26865,0.07619,1.58293,2.49054,4.18833,1.22247,0,0.00194147,0.00194147,0.00194147
13,1589.78,2.14799,3.27177,1.91354,1.59776,0,0.54332,0.32967,0.31803,0.11869,0.55359,0.31348,0.29152,0.11051,1.5249,2.26948,8.95987,1.20247,0,0.00193048,0.00193048,0.00193048
14,1716.49,2.13712,3.23468,1.90454,1.57813,0,0.60814,0.35165,0.34899,0.14123,0.60814,0.35165,0.34308,0.11074,1.50088,2.26717,10.7445,1.17613,0,0.00191858,0.00191858,0.00191858
15,1839.08,2.08188,3.22922,1.8616,1.57087,0,0.51816,0.41758,0.37889,0.1547,0.47611,0.38462,0.32966,0.12281,1.46461,2.29687,3.54068,1.18867,0,0.00190578,0.00190578,0.00190578
16,1965.91,2.07733,3.23083,1.87291,1.5619,0,0.53096,0.40659,0.4284,0.14271,0.4375,0.34066,0.31852,0.10693,1.49296,2.29973,8.40177,1.14855,0,0.0018921,0.0018921,0.0018921
17,2087.86,2.06361,3.16874,1.79197,1.5421,0,0.56667,0.38462,0.39941,0.14648,0.6087,0.29066,0.34667,0.11444,1.46946,2.37644,6.90835,1.12842,0,0.00187754,0.00187754,0.00187754
18,2211.07,2.03833,3.15681,1.76956,1.53553,0,0.53362,0.42857,0.46086,0.18066,0.46005,0.37363,0.38151,0.16027,1.41741,2.21426,4.1632,1.13759,0,0.00186213,0.00186213,0.00186213
19,2333.74,2.02554,3.09564,1.74099,1.52018,0,0.49052,0.37363,0.37874,0.14509,0.70778,0.31868,0.37902,0.12464,1.46451,2.31814,8.72498,1.16503,0,0.00184588,0.00184588,0.00184588
20,2454.31,1.99307,3.04969,1.70661,1.51191,0,0.7485,0.36264,0.44476,0.17028,0.70195,0.34066,0.39922,0.14695,1.47455,2.34314,3.62899,1.15712,0,0.00182881,0.00182881,0.00182881
21,2574.13,1.99228,3.05647,1.68616,1.50163,0,0.43351,0.43956,0.41278,0.17379,0.42268,0.42857,0.4126,0.14624,1.47068,2.39732,7.17512,1.18772,0,0.00181093,0.00181093,0.00181093
22,2692.74,1.97347,3.04807,1.6707,1.50291,0,0.70786,0.32967,0.42291,0.15228,0.63529,0.2967,0.3516,0.12065,1.49663,2.28907,5.9182,1.14808,0,0.00179225,0.00179225,0.00179225
23,2814.12,1.94192,2.99648,1.64083,1.49578,0,0.65585,0.47253,0.49044,0.19236,0.58671,0.48352,0.47559,0.17182,1.43721,2.23259,4.92156,1.13521,0,0.00177281,0.00177281,0.00177281
24,2936.92,1.9303,2.94599,1.60499,1.47586,0,0.64305,0.41758,0.44495,0.18629,0.6659,0.35165,0.40192,0.1563,1.42184,2.23029,4.05008,1.10064,0,0.00175261,0.00175261,0.00175261
25,3062.86,1.91689,2.91495,1.57982,1.46043,0,0.64084,0.36264,0.42113,0.16961,0.64084,0.36264,0.40982,0.15081,1.45182,2.30976,3.52404,1.13279,0,0.00173168,0.00173168,0.00173168
26,3187.38,1.89982,2.95244,1.57026,1.47458,0,0.72688,0.4387,0.50993,0.22327,0.70867,0.42771,0.49365,0.17718,1.35531,2.17011,3.56049,1.098,0,0.00171004,0.00171004,0.00171004
27,3320.15,1.90067,2.91387,1.53289,1.45617,0,0.67459,0.46154,0.4768,0.21501,0.69239,0.47253,0.48946,0.16531,1.47812,2.24317,2.72595,1.16551,0,0.0016877,0.0016877,0.0016877
28,3443.37,1.85586,2.91091,1.5328,1.44614,0,0.68532,0.43956,0.47506,0.21393,0.72715,0.41005,0.44904,0.17184,1.467,2.24295,4.75309,1.1862,0,0.0016647,0.0016647,0.0016647
29,3559.84,1.86404,2.83896,1.46813,1.41926,0,0.74562,0.45055,0.49712,0.20324,0.70541,0.43956,0.48636,0.17891,1.501,2.20639,3.12959,1.17589,0,0.00164105,0.00164105,0.00164105
30,3679,1.87191,2.87016,1.48665,1.45419,0,0.66465,0.45055,0.46429,0.21163,0.61501,0.45645,0.43466,0.18111,1.43237,2.28977,3.06835,1.15651,0,0.00161678,0.00161678,0.00161678
31,3797.3,1.85257,2.81771,1.45912,1.4305,0,0.70027,0.42857,0.5005,0.1975,0.60638,0.41758,0.45088,0.1541,1.4901,2.23146,3.43551,1.15192,0,0.00159191,0.00159191,0.00159191
32,3914.82,1.81613,2.78881,1.41574,1.41474,0,0.5713,0.43956,0.4329,0.1601,0.45704,0.35165,0.31209,0.1187,1.53111,2.29371,3.1487,1.19097,0,0.00156646,0.00156646,0.00156646
33,4032.86,1.83221,2.79655,1.414,1.42328,0,0.61785,0.42643,0.4494,0.17465,0.60235,0.41758,0.42912,0.14073,1.44593,2.19243,4.02353,1.12891,0,0.00154047,0.00154047,0.00154047
34,4153.63,1.82708,2.78973,1.41499,1.42432,0,0.58343,0.47253,0.4581,0.19634,0.53139,0.42857,0.39348,0.15865,1.41764,2.21248,2.00433,1.15921,0,0.00151395,0.00151395,0.00151395
35,4270.76,1.78919,2.76522,1.36898,1.3965,0,0.65,0.48352,0.48156,0.19834,0.61144,0.44961,0.41736,0.13954,1.43584,2.22708,4.21681,1.15925,0,0.00148694,0.00148694,0.00148694
36,4389.21,1.77311,2.72658,1.39849,1.41158,0,0.66289,0.50549,0.543,0.21425,0.63765,0.48345,0.50142,0.19651,1.4554,2.30323,3.905,1.17999,0,0.00145945,0.00145945,0.00145945
37,4509.67,1.7969,2.72738,1.3588,1.41792,0,0.70121,0.43844,0.47638,0.2153,0.66572,0.41758,0.44564,0.17659,1.44589,2.21741,2.94436,1.15847,0,0.00143152,0.00143152,0.00143152
38,4624.55,1.7435,2.71227,1.32627,1.37736,0,0.64754,0.48352,0.50326,0.21185,0.61813,0.45055,0.46759,0.18892,1.46963,2.21084,2.75876,1.16146,0,0.00140318,0.00140318,0.00140318
39,4739.08,1.73037,2.65716,1.29516,1.35819,0,0.72676,0.48352,0.53572,0.22804,0.69372,0.46154,0.48697,0.18121,1.41967,2.23146,3.7649,1.14024,0,0.00137444,0.00137444,0.00137444
40,4853.94,1.69736,2.60477,1.24545,1.34207,0,0.66185,0.58242,0.57375,0.22608,0.62691,0.54945,0.50707,0.18448,1.43918,2.26947,2.57862,1.14267,0,0.00134535,0.00134535,0.00134535
41,4968.74,1.70704,2.61517,1.25273,1.35775,0,0.76936,0.48352,0.51957,0.2133,0.63598,0.46154,0.48015,0.17055,1.43819,2.24475,4.05257,1.13842,0,0.00131593,0.00131593,0.00131593
42,5083.93,1.68275,2.56654,1.22539,1.33879,0,0.68759,0.48371,0.54001,0.22707,0.64211,0.48352,0.49741,0.18018,1.45448,2.2518,2.82294,1.18152,0,0.0012862,0.0012862,0.0012862
43,5201.04,1.65507,2.53451,1.21312,1.32933,0,0.63021,0.47253,0.45319,0.19032,0.64331,0.48352,0.46166,0.16785,1.45457,2.24764,3.28141,1.19035,0,0.0012562,0.0012562,0.0012562
44,5320.36,1.69966,2.55798,1.20549,1.34152,0,0.65537,0.50549,0.53172,0.21671,0.63283,0.49451,0.49704,0.19153,1.47287,2.23854,3.16895,1.18534,0,0.00122596,0.00122596,0.00122596
45,5438.17,1.64817,2.56041,1.17787,1.30884,0,0.72629,0.42857,0.50319,0.20924,0.70974,0.42994,0.48355,0.1739,1.48083,2.34283,3.31728,1.22071,0,0.00119551,0.00119551,0.00119551
46,5552.33,1.63894,2.51451,1.15051,1.3192,0,0.52845,0.52956,0.50433,0.1981,0.51096,0.50549,0.46672,0.15938,1.52492,2.29052,2.39838,1.1869,0,0.00116487,0.00116487,0.00116487
47,5671.67,1.62836,2.51141,1.14811,1.32803,0,0.59408,0.49451,0.49694,0.21882,0.58088,0.48352,0.46748,0.16889,1.38396,2.28912,4.10647,1.13044,0,0.00113408,0.00113408,0.00113408
48,5785.51,1.59933,2.4406,1.09985,1.29852,0,0.63398,0.4949,0.53109,0.20903,0.5931,0.45055,0.47606,0.17118,1.47704,2.29994,4.23309,1.18315,0,0.00110317,0.00110317,0.00110317
49,5904.78,1.5943,2.42062,1.10355,1.29102,0,0.58578,0.55945,0.5012,0.20954,0.56095,0.53356,0.47301,0.18477,1.43922,2.20166,3.27729,1.17948,0,0.00107216,0.00107216,0.00107216
50,6018.99,1.58533,2.43888,1.10374,1.2863,0,0.68125,0.40659,0.48074,0.19599,0.48378,0.49451,0.43228,0.15752,1.49893,2.37774,3.56567,1.22247,0,0.0010411,0.0010411,0.0010411
51,6135.72,1.553,2.41512,1.06986,1.2626,0,0.67846,0.47253,0.51511,0.21193,0.59739,0.47253,0.47381,0.1694,1.49092,2.2673,3.69747,1.17629,0,0.00101,0.00101,0.00101
